{"cameraMode":{"drawMode":0,"name":"Shaded","section":"Shading Mode"},"sceneLighting":true,"audioPlay":false,"sceneViewState":{"showFog":true,"showMaterialUpdate":false,"showSkybox":true,"showFlares":true,"showImageEffects":true,"showParticleSystems":true},"in2DMode":false,"pivot":{"x":2.90625,"y":2.6416015625,"z":0.769561767578125},"rotation":{"x":0.036158036440610889,"y":0.6768568754196167,"z":0.03332178667187691,"w":-0.7344720363616943},"size":18.927942276000978,"orthographic":true}