{"3.500000":{"c":"null","clr":"#44475a","x":0,"y":200,"X":0,"Y":200},"4.000000":{"c":"null","clr":"#44475a","x":75,"y":200,"X":75,"Y":200},"3.000000":{"c":"54","clr":"#ff5555","x":38,"y":100,"X":38,"Y":100},"2.000000":{"c":"null","clr":"#44475a","x":150,"y":100,"X":150,"Y":100},"1.000000":{"c":"666","clr":"#ff5555","x":75,"y":0,"X":75,"Y":0},"6.000000":{"c":"45","clr":"#44475a","x":75,"y":-30,"X":38,"Y":50}}
