{"10.500000":{"c":"null","clr":"#44475a","x":0,"y":300,"X":0,"Y":300},"11.000000":{"c":"null","clr":"#44475a","x":75,"y":300,"X":75,"Y":300},"10.000000":{"c":"22","clr":"#ff5555","x":38,"y":200,"X":38,"Y":200},"7.000000":{"c":"null","clr":"#44475a","x":150,"y":200,"X":150,"Y":200},"6.000000":{"c":"45","clr":"#ff5555","x":75,"y":100,"X":75,"Y":100},"1.500000":{"c":"null","clr":"#44475a","x":225,"y":200,"X":225,"Y":200},"2.000000":{"c":"null","clr":"#44475a","x":300,"y":200,"X":300,"Y":200},"1.000000":{"c":"666","clr":"#ff5555","x":263,"y":100,"X":263,"Y":100},"3.000000":{"c":"54","clr":"#ff5555","x":150,"y":0,"X":150,"Y":0},"15.000000":{"c":"68","clr":"#44475a","x":150,"y":-30,"X":263,"Y":50}}
