{"10.500000":{"c":"null","clr":"#44475a","x":0,"y":300,"X":0,"Y":300},"11.000000":{"c":"null","clr":"#44475a","x":75,"y":300,"X":75,"Y":300},"10.000000":{"c":"22","clr":"#ff5555","x":38,"y":200,"X":38,"Y":200},"7.000000":{"c":"null","clr":"#44475a","x":150,"y":200,"X":150,"Y":200},"6.000000":{"c":"45","clr":"#ff5555","x":75,"y":100,"X":75,"Y":100},"15.500000":{"c":"null","clr":"#44475a","x":225,"y":300,"X":225,"Y":300},"21.500000":{"c":"null","clr":"#44475a","x":300,"y":400,"X":300,"Y":400},"22.000000":{"c":"null","clr":"#44475a","x":375,"y":400,"X":375,"Y":400},"21.000000":{"c":"98","clr":"#ff5555","x":338,"y":300,"X":338,"Y":300},"15.000000":{"c":"68","clr":"#ff5555","x":300,"y":200,"X":300,"Y":200},"2.000000":{"c":"null","clr":"#44475a","x":450,"y":200,"X":450,"Y":200},"1.000000":{"c":"666","clr":"#ff5555","x":338,"y":100,"X":338,"Y":100},"3.000000":{"c":"54","clr":"#ff5555","x":225,"y":0,"X":225,"Y":0},"28.000000":{"c":"50","clr":"#44475a","x":225,"y":-30,"X":75,"Y":50}}
