{"10.500000":{"c":"null","clr":"#44475a","x":0,"y":300,"X":0,"Y":300},"11.000000":{"c":"null","clr":"#44475a","x":500,"y":1000,"X":75,"Y":300},"10.000000":{"c":"22","clr":"#ff5555","x":75,"y":200,"X":38,"Y":200},"45.500000":{"c":"null","clr":"#44475a","x":500,"y":1000,"X":150,"Y":400},"46.000000":{"c":"null","clr":"#44475a","x":500,"y":1000,"X":225,"Y":400},"45.000000":{"c":"43","clr":"#ff5555","x":113,"y":270,"X":188,"Y":300},"28.500000":{"c":"null","clr":"#44475a","x":225,"y":300,"X":300,"Y":400},"29.000000":{"c":"null","clr":"#44475a","x":300,"y":300,"X":375,"Y":400},"28.000000":{"c":"50","clr":"#ff5555","x":263,"y":200,"X":338,"Y":300},"6.000000":{"c":"45","clr":"#ff5555","x":150,"y":100,"X":263,"Y":200},"36.000000":{"c":"36","clr":"#ff5555","x":113,"y":300,"X":188,"Y":100},"15.500000":{"c":"null","clr":"#44475a","x":375,"y":300,"X":450,"Y":300},"21.500000":{"c":"null","clr":"#44475a","x":450,"y":400,"X":525,"Y":400},"22.000000":{"c":"null","clr":"#44475a","x":525,"y":400,"X":600,"Y":400},"21.000000":{"c":"98","clr":"#ff5555","x":488,"y":300,"X":563,"Y":300},"15.000000":{"c":"68","clr":"#ff5555","x":450,"y":200,"X":525,"Y":200},"2.000000":{"c":"null","clr":"#44475a","x":600,"y":200,"X":675,"Y":200},"1.000000":{"c":"666","clr":"#ff5555","x":488,"y":100,"X":563,"Y":100},"3.000000":{"c":"54","clr":"#ff5555","x":300,"y":0,"X":338,"Y":0}}
